repo,date,hour,weekday,month,language,category
ekinkn25/ekinkn25,2026-07-29,15,2,7,Python,backend
ekinkn25/ekinkn25,2026-07-29,15,2,7,Python,backend
ekinkn25/ekinkn25,2026-07-29,15,2,7,Python,backend
ekinkn25/ekinkn25,2026-07-29,14,2,7,Python,backend
ekinkn25/ekinkn25,2026-07-29,14,2,7,Python,backend
ekinkn25/ekinkn25,2026-07-29,14,2,7,Python,backend
ekinkn25/ekinkn25,2026-07-29,14,2,7,Python,backend
ekinkn25/ekinkn25,2026-07-29,14,2,7,Python,backend
ekinkn25/ekinkn25,2026-07-29,14,2,7,Python,backend
ekinkn25/ekinkn25,2026-07-29,14,2,7,Python,backend
ekinkn25/ekinkn25,2026-07-29,14,2,7,Python,backend
ekinkn25/ekinkn25,2026-07-29,14,2,7,Python,backend
ekinkn25/ekinkn25,2026-07-29,14,2,7,Python,backend
ekinkn25/ekinkn25,2026-07-29,14,2,7,Python,backend
ekinkn25/ekinkn25,2026-07-29,14,2,7,Python,backend
ekinkn25/ekinkn25,2026-07-29,14,2,7,Python,backend
ekinkn25/ekinkn25,2026-07-29,14,2,7,Python,backend
afragul/YZTA-Bootcamp,2026-07-29,13,2,7,Python,backend
afragul/YZTA-Bootcamp,2026-07-29,13,2,7,Python,backend
afragul/YZTA-Bootcamp,2026-07-29,13,2,7,Python,backend
afragul/YZTA-Bootcamp,2026-07-29,13,2,7,Python,backend
afragul/YZTA-Bootcamp,2026-07-29,13,2,7,Python,backend
afragul/YZTA-Bootcamp,2026-07-29,12,2,7,Python,backend
afragul/YZTA-Bootcamp,2026-07-29,11,2,7,Python,backend
afragul/YZTA-Bootcamp,2026-07-29,11,2,7,Python,backend
afragul/YZTA-Bootcamp,2026-07-29,11,2,7,Python,backend
afragul/YZTA-Bootcamp,2026-07-24,22,4,7,Python,backend
afragul/YZTA-Bootcamp,2026-07-24,22,4,7,Python,backend
afragul/YZTA-Bootcamp,2026-07-24,22,4,7,Python,backend
afragul/YZTA-Bootcamp,2026-07-24,20,4,7,Python,backend
afragul/YZTA-Bootcamp,2026-07-24,15,4,7,Python,backend
afragul/YZTA-Bootcamp,2026-07-24,15,4,7,Python,backend
afragul/YZTA-Bootcamp,2026-07-24,15,4,7,Python,backend
afragul/YZTA-Bootcamp,2026-07-24,15,4,7,Python,backend
afragul/YZTA-Bootcamp,2026-07-24,15,4,7,Python,backend
ekinkn25/ekinkn25,2026-07-23,3,3,7,Python,backend
ekinkn25/ekinkn25,2026-07-23,3,3,7,Python,backend
ekinkn25/ekinkn25,2026-07-23,3,3,7,Python,backend
ekinkn25/ekinkn25,2026-07-23,3,3,7,Python,backend
ekinkn25/ekinkn25,2026-07-23,3,3,7,Python,backend
ekinkn25/ekinkn25,2026-07-23,2,3,7,Python,backend
ekinkn25/ekinkn25,2026-07-23,2,3,7,Python,backend
ekinkn25/ekinkn25,2026-07-23,2,3,7,Python,backend
ekinkn25/ekinkn25,2026-07-23,2,3,7,Python,backend
ekinkn25/ekinkn25,2026-07-23,2,3,7,Python,backend
ekinkn25/ekinkn25,2026-07-23,1,3,7,Python,backend
ekinkn25/ekinkn25,2026-07-23,1,3,7,Python,backend
ekinkn25/ekinkn25,2026-07-23,1,3,7,Python,backend
ekinkn25/ekinkn25,2026-07-23,1,3,7,Python,backend
ekinkn25/ekinkn25,2026-07-23,1,3,7,Python,backend
ekinkn25/ekinkn25,2026-07-23,1,3,7,Python,backend
ekinkn25/ekinkn25,2026-07-23,1,3,7,Python,backend
ekinkn25/ekinkn25,2026-07-23,1,3,7,Python,backend
ekinkn25/ekinkn25,2026-07-23,1,3,7,Python,backend
ekinkn25/ekinkn25,2026-07-23,0,3,7,Python,backend
afragul/YZTA-Bootcamp,2026-07-22,18,2,7,Python,backend
afragul/YZTA-Bootcamp,2026-07-22,18,2,7,Python,backend
afragul/YZTA-Bootcamp,2026-07-22,10,2,7,Python,backend
afragul/YZTA-Bootcamp,2026-07-19,2,6,7,Python,backend
afragul/YZTA-Bootcamp,2026-07-18,20,5,7,Python,backend
afragul/YZTA-Bootcamp,2026-07-17,15,4,7,Python,backend
afragul/YZTA-Bootcamp,2026-07-17,14,4,7,Python,backend
afragul/YZTA-Bootcamp,2026-07-17,14,4,7,Python,backend
afragul/YZTA-Bootcamp,2026-07-17,14,4,7,Python,backend
afragul/YZTA-Bootcamp,2026-07-17,13,4,7,Python,backend
afragul/YZTA-Bootcamp,2026-07-14,23,1,7,Python,backend
afragul/YZTA-Bootcamp,2026-07-14,17,1,7,Python,backend
afragul/YZTA-Bootcamp,2026-07-14,17,1,7,Python,backend
afragul/YZTA-Bootcamp,2026-07-14,17,1,7,Python,backend
afragul/YZTA-Bootcamp,2026-07-14,17,1,7,Python,backend
afragul/YZTA-Bootcamp,2026-07-14,15,1,7,Python,backend
afragul/YZTA-Bootcamp,2026-07-13,13,0,7,Python,backend
afragul/YZTA-Bootcamp,2026-07-13,11,0,7,Python,backend
afragul/YZTA-Bootcamp,2026-07-13,11,0,7,Python,backend
afragul/YZTA-Bootcamp,2026-07-13,11,0,7,Python,backend
afragul/YZTA-Bootcamp,2026-07-13,10,0,7,Python,backend
afragul/YZTA-Bootcamp,2026-07-12,18,6,7,Python,backend
afragul/YZTA-Bootcamp,2026-07-12,17,6,7,Python,backend
afragul/YZTA-Bootcamp,2026-07-12,11,6,7,Python,backend
afragul/YZTA-Bootcamp,2026-07-12,11,6,7,Python,backend
afragul/YZTA-Bootcamp,2026-07-12,10,6,7,Python,backend
afragul/YZTA-Bootcamp,2026-07-12,10,6,7,Python,backend
afragul/YZTA-Bootcamp,2026-07-12,10,6,7,Python,backend
afragul/YZTA-Bootcamp,2026-07-12,10,6,7,Python,backend
afragul/YZTA-Bootcamp,2026-07-12,10,6,7,Python,backend
afragul/YZTA-Bootcamp,2026-07-12,10,6,7,Python,backend
afragul/YZTA-Bootcamp,2026-07-12,9,6,7,Python,backend
afragul/YZTA-Bootcamp,2026-07-12,9,6,7,Python,backend
ekinkn25/music-recommender,2026-07-01,19,2,7,JavaScript,frontend
ekinkn25/music-recommender,2026-07-01,19,2,7,JavaScript,frontend
AnilAtaCevik/Chopper-Strike,2026-06-02,0,1,6,C#,backend
AnilAtaCevik/Chopper-Strike,2026-06-02,0,1,6,C#,backend
AnilAtaCevik/Chopper-Strike,2026-06-01,15,0,6,C#,backend
AnilAtaCevik/Chopper-Strike,2026-06-01,15,0,6,C#,backend
AnilAtaCevik/Chopper-Strike,2026-06-01,15,0,6,C#,backend
AnilAtaCevik/Chopper-Strike,2026-06-01,9,0,6,C#,backend
AnilAtaCevik/Chopper-Strike,2026-06-01,9,0,6,C#,backend
AnilAtaCevik/Chopper-Strike,2026-06-01,9,0,6,C#,backend
AnilAtaCevik/Chopper-Strike,2026-06-01,8,0,6,C#,backend
AnilAtaCevik/Chopper-Strike,2026-06-01,8,0,6,C#,backend
AnilAtaCevik/Chopper-Strike,2026-06-01,8,0,6,C#,backend
AnilAtaCevik/Chopper-Strike,2026-05-26,1,1,5,C#,backend
AnilAtaCevik/Chopper-Strike,2026-05-26,1,1,5,C#,backend
AnilAtaCevik/Chopper-Strike,2026-05-26,0,1,5,C#,backend
AnilAtaCevik/Chopper-Strike,2026-05-25,18,0,5,C#,backend
AnilAtaCevik/Chopper-Strike,2026-05-25,17,0,5,C#,backend
AnilAtaCevik/Chopper-Strike,2026-05-25,15,0,5,C#,backend
AnilAtaCevik/Chopper-Strike,2026-05-25,13,0,5,C#,backend
AnilAtaCevik/Chopper-Strike,2026-05-25,11,0,5,C#,backend
AnilAtaCevik/Chopper-Strike,2026-05-24,12,6,5,C#,backend
AnilAtaCevik/Chopper-Strike,2026-05-24,10,6,5,C#,backend
AnilAtaCevik/Chopper-Strike,2026-05-23,14,5,5,C#,backend
AnilAtaCevik/Chopper-Strike,2026-05-22,15,4,5,C#,backend
AnilAtaCevik/Chopper-Strike,2026-05-21,11,3,5,C#,backend
AnilAtaCevik/Chopper-Strike,2026-05-20,14,2,5,C#,backend
AnilAtaCevik/Chopper-Strike,2026-05-19,22,1,5,C#,backend
ekinkn25/CENG454-HW3-Ekin-Karincali-230446019,2026-05-17,20,6,5,C#,backend
ekinkn25/CENG454-HW3-Ekin-Karincali-230446019,2026-05-17,20,6,5,C#,backend
ekinkn25/CENG454-HW3-Ekin-Karincali-230446019,2026-05-17,17,6,5,C#,backend
ekinkn25/CENG454-HW3-Ekin-Karincali-230446019,2026-05-17,17,6,5,C#,backend
ekinkn25/CENG454-HW3-Ekin-Karincali-230446019,2026-05-17,14,6,5,C#,backend
ekinkn25/CENG454-HW3-Ekin-Karincali-230446019,2026-05-17,14,6,5,C#,backend
ekinkn25/CENG454-HW3-Ekin-Karincali-230446019,2026-05-17,13,6,5,C#,backend
ekinkn25/CENG454-HW3-Ekin-Karincali-230446019,2026-05-17,12,6,5,C#,backend
ekinkn25/CENG454-HW3-Ekin-Karincali-230446019,2026-05-17,11,6,5,C#,backend
ekinkn25/CENG454-HW3-Ekin-Karincali-230446019,2026-05-17,11,6,5,C#,backend
ekinkn25/CENG454-HW3-Ekin-Karincali-230446019,2026-05-17,11,6,5,C#,backend
ekinkn25/CENG454-HW3-Ekin-Karincali-230446019,2026-05-17,11,6,5,C#,backend
ekinkn25/CENG454-HW3-Ekin-Karincali-230446019,2026-05-17,10,6,5,C#,backend
ekinkn25/CENG454-HW3-Ekin-Karincali-230446019,2026-05-17,10,6,5,C#,backend
ekinkn25/CENG454-HW3-Ekin-Karincali-230446019,2026-05-17,10,6,5,C#,backend
ekinkn25/CENG454-HW3-Ekin-Karincali-230446019,2026-05-17,10,6,5,C#,backend
ekinkn25/CENG454-HW3-Ekin-Karincali-230446019,2026-05-17,10,6,5,C#,backend
ekinkn25/CENG454-HW3-Ekin-Karincali-230446019,2026-05-17,10,6,5,C#,backend
ekinkn25/CENG454-HW3-Ekin-Karincali-230446019,2026-05-17,10,6,5,C#,backend
ekinkn25/CENG454-HW3-Ekin-Karincali-230446019,2026-05-14,12,3,5,C#,backend
ekinkn25/CENG454-HW3-Ekin-Karincali-230446019,2026-05-14,12,3,5,C#,backend
ekinkn25/CENG454-HW3-Ekin-Karincali-230446019,2026-05-13,23,2,5,C#,backend
ekinkn25/CENG454-HW3-Ekin-Karincali-230446019,2026-05-13,23,2,5,C#,backend
ekinkn25/CENG454-HW3-Ekin-Karincali-230446019,2026-05-13,20,2,5,C#,backend
ekinkn25/CENG454-HW3-Ekin-Karincali-230446019,2026-05-13,20,2,5,C#,backend
ekinkn25/CENG454-HW3-Ekin-Karincali-230446019,2026-05-13,17,2,5,C#,backend
ekinkn25/CENG454-HW3-Ekin-Karincali-230446019,2026-05-13,17,2,5,C#,backend
ekinkn25/CENG454-HW3-Ekin-Karincali-230446019,2026-05-13,17,2,5,C#,backend
ekinkn25/CENG454-HW3-Ekin-Karincali-230446019,2026-05-13,16,2,5,C#,backend
ekinkn25/CENG454-HW3-Ekin-Karincali-230446019,2026-05-13,16,2,5,C#,backend
ekinkn25/CENG454-HW3-Ekin-Karincali-230446019,2026-05-13,14,2,5,C#,backend
ekinkn25/CENG454-HW3-Ekin-Karincali-230446019,2026-05-13,14,2,5,C#,backend
ekinkn25/CENG454-HW3-Ekin-Karincali-230446019,2026-05-13,14,2,5,C#,backend
ekinkn25/CENG454-HW3-Ekin-Karincali-230446019,2026-05-13,14,2,5,C#,backend
ekinkn25/CENG454-HW3-Ekin-Karincali-230446019,2026-05-13,14,2,5,C#,backend
ekinkn25/CENG454-HW3-Ekin-Karincali-230446019,2026-05-13,14,2,5,C#,backend
ekinkn25/CENG454-HW3-Ekin-Karincali-230446019,2026-05-13,13,2,5,C#,backend
ekinkn25/CENG454-HW3-Ekin-Karincali-230446019,2026-05-13,13,2,5,C#,backend
ekinkn25/CENG454-HW3-Ekin-Karincali-230446019,2026-05-13,13,2,5,C#,backend
ekinkn25/CENG454-HW3-Ekin-Karincali-230446019,2026-05-13,13,2,5,C#,backend
ekinkn25/CENG454-HW3-Ekin-Karincali-230446019,2026-05-13,13,2,5,C#,backend
ekinkn25/CENG454-HW3-Ekin-Karincali-230446019,2026-05-13,13,2,5,C#,backend
ekinkn25/CENG454-HW3-Ekin-Karincali-230446019,2026-05-13,13,2,5,C#,backend
ekinkn25/CENG454-HW3-Ekin-Karincali-230446019,2026-05-12,21,1,5,C#,backend
ekinkn25/CENG454-HW3-Ekin-Karincali-230446019,2026-05-12,18,1,5,C#,backend
ekinkn25/CENG454-HW3-Ekin-Karincali-230446019,2026-05-12,16,1,5,C#,backend
ekinkn25/CENG454-HW3-Ekin-Karincali-230446019,2026-05-12,16,1,5,C#,backend
ekinkn25/CENG454-HW3-Ekin-Karincali-230446019,2026-05-12,15,1,5,C#,backend
ekinkn25/CENG454-HW3-Ekin-Karincali-230446019,2026-05-12,15,1,5,C#,backend
ekinkn25/CENG454-HW3-Ekin-Karincali-230446019,2026-05-12,15,1,5,C#,backend
ekinkn25/CENG454-HW3-Ekin-Karincali-230446019,2026-05-11,11,0,5,C#,backend
ekinkn25/CENG454-HW3-Ekin-Karincali-230446019,2026-05-11,10,0,5,C#,backend
ekinkn25/CENG454-HW3-Ekin-Karincali-230446019,2026-05-11,10,0,5,C#,backend
ekinkn25/CENG454-HW3-Ekin-Karincali-230446019,2026-05-11,9,0,5,C#,backend
ekinkn25/CENG454-HW3-Ekin-Karincali-230446019,2026-05-11,1,0,5,C#,backend
ekinkn25/CENG454-HW3-Ekin-Karincali-230446019,2026-05-11,0,0,5,C#,backend
ekinkn25/CENG454-HW3-Ekin-Karincali-230446019,2026-05-11,0,0,5,C#,backend
ekinkn25/CENG454-HW3-Ekin-Karincali-230446019,2026-05-10,23,6,5,C#,backend
ekinkn25/CENG454-HW3-Ekin-Karincali-230446019,2026-05-10,23,6,5,C#,backend
ekinkn25/CENG454-HW3-Ekin-Karincali-230446019,2026-05-10,23,6,5,C#,backend
ekinkn25/CENG454-HW3-Ekin-Karincali-230446019,2026-05-10,22,6,5,C#,backend
ekinkn25/CENG454-HW3-Ekin-Karincali-230446019,2026-05-07,14,3,5,C#,backend
ekinkn25/CENG454-HW3-Ekin-Karincali-230446019,2026-05-07,14,3,5,C#,backend
ekinkn25/CENG454-HW3-Ekin-Karincali-230446019,2026-05-07,10,3,5,C#,backend
ekinkn25/CENG454-HW3-Ekin-Karincali-230446019,2026-05-07,10,3,5,C#,backend
ekinkn25/CENG454-HW3-Ekin-Karincali-230446019,2026-05-07,10,3,5,C#,backend
ekinkn25/CENG454-HW3-Ekin-Karincali-230446019,2026-05-07,9,3,5,C#,backend
ekinkn25/CENG454-HW3-Ekin-Karincali-230446019,2026-05-06,20,2,5,C#,backend
ekinkn25/CENG454-HW3-Ekin-Karincali-230446019,2026-05-06,20,2,5,C#,backend
ekinkn25/CENG454-HW3-Ekin-Karincali-230446019,2026-05-06,19,2,5,C#,backend
ekinkn25/CENG454-HW3-Ekin-Karincali-230446019,2026-05-06,19,2,5,C#,backend
ekinkn25/CENG454-HW3-Ekin-Karincali-230446019,2026-05-06,19,2,5,C#,backend
ekinkn25/CENG454-HW3-Ekin-Karincali-230446019,2026-05-06,18,2,5,C#,backend
ekinkn25/CENG454-HW3-Ekin-Karincali-230446019,2026-05-06,18,2,5,C#,backend
ekinkn25/CENG454-HW3-Ekin-Karincali-230446019,2026-05-06,16,2,5,C#,backend
ekinkn25/CENG454-HW3-Ekin-Karincali-230446019,2026-05-06,16,2,5,C#,backend
ekinkn25/CENG454-HW3-Ekin-Karincali-230446019,2026-05-06,15,2,5,C#,backend
ekinkn25/CENG454-HW3-Ekin-Karincali-230446019,2026-05-06,15,2,5,C#,backend
ekinkn25/CENG454-HW3-Ekin-Karincali-230446019,2026-05-06,1,2,5,C#,backend
ekinkn25/CENG454-HW3-Ekin-Karincali-230446019,2026-05-06,1,2,5,C#,backend
ekinkn25/CENG454-HW3-Ekin-Karincali-230446019,2026-05-06,1,2,5,C#,backend
ekinkn25/CENG454-HW3-Ekin-Karincali-230446019,2026-05-06,1,2,5,C#,backend
ekinkn25/staj-scraping,2026-05-05,14,1,5,Python,backend
ekinkn25/staj-scraping,2026-05-05,14,1,5,Python,backend
ekinkn25/staj-scraping,2026-05-05,14,1,5,Python,backend
ekinkn25/staj-scraping,2026-05-05,14,1,5,Python,backend
ekinkn25/CENG454-HW3-Ekin-Karincali-230446019,2026-04-28,22,1,4,C#,backend
ekinkn25/CENG454-HW3-Ekin-Karincali-230446019,2026-04-28,22,1,4,C#,backend
ekinkn25/Interactive-Machine-Learning-Interface,2026-04-19,18,6,4,Python,backend
ekinkn25/Interactive-Machine-Learning-Interface,2026-04-19,18,6,4,Python,backend
ekinkn25/book-shelf-extracter,2026-04-13,22,0,4,C++,backend
ekinkn25/book-shelf-extracter,2026-04-13,22,0,4,C++,backend
ekinkn25/book-shelf-extracter,2026-04-13,16,0,4,C++,backend
ekinkn25/book-shelf-extracter,2026-04-13,16,0,4,C++,backend
ekinkn25/CENG454-HW2-Ekin-Karincali-230446019,2026-04-08,2,2,4,C#,backend
ekinkn25/CENG454-HW2-Ekin-Karincali-230446019,2026-04-08,2,2,4,C#,backend
ekinkn25/CENG454-HW2-Ekin-Karincali-230446019,2026-04-08,1,2,4,C#,backend
ekinkn25/CENG454-HW2-Ekin-Karincali-230446019,2026-04-08,0,2,4,C#,backend
ekinkn25/CENG454-HW2-Ekin-Karincali-230446019,2026-04-08,0,2,4,C#,backend
ekinkn25/CENG454-HW2-Ekin-Karincali-230446019,2026-04-07,22,1,4,C#,backend
ekinkn25/CENG454-HW2-Ekin-Karincali-230446019,2026-04-07,17,1,4,C#,backend
ekinkn25/CENG454-HW2-Ekin-Karincali-230446019,2026-04-07,16,1,4,C#,backend
ekinkn25/CENG454-HW2-Ekin-Karincali-230446019,2026-04-07,15,1,4,C#,backend
ekinkn25/CENG454-HW2-Ekin-Karincali-230446019,2026-04-07,14,1,4,C#,backend
ekinkn25/CENG454-HW2-Ekin-Karincali-230446019,2026-04-07,14,1,4,C#,backend
ekinkn25/CENG454-HW2-Ekin-Karincali-230446019,2026-04-07,13,1,4,C#,backend
ekinkn25/CENG454-HW2-Ekin-Karincali-230446019,2026-04-07,0,1,4,C#,backend
ekinkn25/CENG454-HW2-Ekin-Karincali-230446019,2026-04-07,0,1,4,C#,backend
ekinkn25/CENG454-HW2-Ekin-Karincali-230446019,2026-04-07,0,1,4,C#,backend
ekinkn25/CENG454-HW2-Ekin-Karincali-230446019,2026-04-06,12,0,4,C#,backend
ekinkn25/CENG454-HW2-Ekin-Karincali-230446019,2026-04-06,11,0,4,C#,backend
ekinkn25/staj-scraping,2026-04-02,16,3,4,Python,backend
ekinkn25/staj-scraping,2026-04-02,15,3,4,Python,backend
ekinkn25/CENG454-HW1-Ekin-Karincali-230446019,2026-03-22,18,6,3,C#,backend
ekinkn25/CENG454-HW1-Ekin-Karincali-230446019,2026-03-22,0,6,3,C#,backend
ekinkn25/CENG454-HW1-Ekin-Karincali-230446019,2026-03-21,18,5,3,C#,backend
ekinkn25/CENG454-HW1-Ekin-Karincali-230446019,2026-03-18,22,2,3,C#,backend
ekinkn25/CENG454-HW1-Ekin-Karincali-230446019,2026-03-18,20,2,3,C#,backend
ekinkn25/CENG454-HW1-Ekin-Karincali-230446019,2026-03-18,17,2,3,C#,backend
ekinkn25/CENG454-HW1-Ekin-Karincali-230446019,2026-03-18,16,2,3,C#,backend
ekinkn25/CENG454-HW1-Ekin-Karincali-230446019,2026-03-18,13,2,3,C#,backend
ekinkn25/CENG454-HW1-Ekin-Karincali-230446019,2026-03-17,17,1,3,C#,backend
ekinkn25/CENG454-HW1-Ekin-Karincali-230446019,2026-03-16,11,0,3,C#,backend
ekinkn25/Cpu-Scheduling-Algorithm,2025-12-21,13,6,12,Python,backend
